{
  "method": "brute_force",
  "timestamp": "2025-10-02 16:58:14",
  "performance": {
    "total_search_time_seconds": 0.12043479102430865,
    "avg_query_time_seconds": 0.002408695820486173,
    "avg_query_time_ms": 2.408695820486173,
    "queries_per_second": 415.16242586337
  },
  "recall": {
    "1": 0.5589999999999999,
    "5": 0.8420000000000001,
    "10": 0.872,
    "20": 0.9159999999999999,
    "50": 0.92
  },
  "precision": {
    "1": 0.6,
    "5": 0.19599999999999998,
    "10": 0.102
  },
  "mrr": 0.7071764705882353,
  "metadata": {
    "dataset": "scifact",
    "n_corpus_docs": 5183,
    "n_queries": 50,
    "embedding_dimension": 384,
    "top_k_retrieved": 50
  }
}