{
  "method": "brute_force",
  "timestamp": "2025-10-02 16:54:19",
  "performance": {
    "total_search_time_seconds": 0.16742645899648778,
    "avg_query_time_seconds": 0.003348529179929756,
    "avg_query_time_ms": 3.3485291799297556,
    "queries_per_second": 298.6385801843237
  },
  "recall": {
    "1": 0.539,
    "5": 0.8220000000000001,
    "10": 0.852,
    "20": 0.8959999999999999,
    "50": 0.9
  },
  "precision": {
    "1": 0.58,
    "5": 0.19199999999999995,
    "10": 0.09999999999999998
  },
  "mrr": 0.6873333333333334,
  "metadata": {
    "dataset": "scifact",
    "n_corpus_docs": 5000,
    "n_queries": 50,
    "embedding_dimension": 384,
    "top_k_retrieved": 50
  }
}