{
  "method": "brute_force",
  "timestamp": "2025-10-02 13:27:38",
  "performance": {
    "total_search_time_seconds": 69.94316183775663,
    "avg_query_time_seconds": 0.6994316183775663,
    "avg_query_time_ms": 699.4316183775663,
    "queries_per_second": 1.42973233369067
  },
  "recall": {
    "1": 0.4983333333333333,
    "5": 0.755,
    "10": 0.81,
    "20": 0.885,
    "50": 0.94,
    "100": 0.97
  },
  "precision": {
    "1": 0.51,
    "5": 0.15999999999999995,
    "10": 0.08599999999999998
  },
  "mrr": 0.6252630365859155,
  "metadata": {
    "dataset": "msmarco",
    "use_subset": true,
    "subset_size": "1M",
    "split": "dev",
    "n_corpus_docs": 1000000,
    "n_queries": 100,
    "embedding_dimension": 384,
    "top_k_retrieved": 100
  }
}